first,second
comment,dd outputing purity of averaged quantum state
N,1000
φd,1.5707963267948966
tf,10.0
dt,0.001
nfluctuators,10
Ω,1.2566370614359172
ΩR,157.07963267948966
